date,gdp,production,imports,shipments,employment,services,construction,memory_exports,sentiment,spread
1985-01-01,NA,NA,NA,NA,NA,NA,NA,NA,NA,NA
1985-02-01,NA,NA,NA,2.8128612432973377,NA,NA,NA,NA,NA,NA
1985-03-01,2.426861860267593,NA,NA,-1.2279224052893944,NA,NA,NA,NA,NA,NA
1985-04-01,NA,NA,NA,0.8415047527183805,NA,NA,NA,NA,NA,NA
1985-05-01,NA,NA,NA,2.3689593743358994,NA,NA,NA,NA,NA,NA
1985-06-01,2.3701709844836216,NA,NA,0,NA,NA,NA,NA,NA,NA
1985-07-01,NA,NA,NA,1.1330398804680453,NA,NA,NA,NA,NA,NA
1985-08-01,NA,NA,NA,-1.1330398804680453,NA,NA,NA,NA,NA,NA
1985-09-01,1.3384234105458859,NA,NA,0.7584979993568997,NA,NA,NA,NA,NA,NA
1985-10-01,NA,NA,NA,2.6679068773158843,NA,NA,NA,NA,NA,NA
1985-11-01,NA,NA,NA,0.3696861881326008,NA,NA,NA,NA,NA,NA
1985-12-01,3.128139867677504,NA,NA,2.6328317492873676,NA,NA,NA,NA,NA,NA
1986-01-01,NA,NA,NA,-0.4039426346707842,NA,NA,NA,NA,NA,NA
1986-02-01,NA,NA,NA,0,NA,NA,NA,NA,NA,NA
1986-03-01,1.5936274742490042,NA,NA,3.967826063181379,NA,NA,NA,NA,NA,NA
1986-04-01,NA,NA,NA,4.848658460693356,NA,NA,NA,NA,NA,NA
1986-05-01,NA,NA,NA,1.3526604893847605,NA,NA,NA,NA,NA,NA
1986-06-01,4.043441079582877,NA,NA,2.6044384191160397,NA,NA,NA,NA,NA,NA
1986-07-01,NA,NA,NA,-1.6356212497147027,NA,NA,NA,NA,NA,NA
1986-08-01,NA,NA,NA,1.3218247018972118,NA,NA,NA,NA,NA,NA
1986-09-01,4.463006916499523,NA,NA,0.9469808315111461,NA,NA,NA,NA,NA,NA
1986-10-01,NA,NA,NA,-0.9469808315111461,NA,NA,NA,NA,NA,NA
1986-11-01,NA,NA,NA,2.2351342367978866,NA,NA,NA,NA,NA,NA
1986-12-01,1.505334775689704,NA,NA,0,NA,NA,NA,NA,NA,NA
1987-01-01,NA,NA,NA,0.621172147600646,NA,NA,NA,NA,NA,NA
1987-02-01,NA,NA,NA,2.516193809662415,NA,NA,NA,NA,NA,NA
1987-03-01,2.8438118621071595,NA,NA,3.041922137375641,NA,NA,NA,NA,NA,NA
1987-04-01,NA,NA,NA,0,NA,NA,NA,NA,NA,NA
1987-05-01,NA,NA,NA,3.793966840124252,NA,NA,NA,NA,NA,NA
1987-06-01,5.265684477786792,NA,NA,5.305792178485813,NA,NA,NA,NA,NA,NA
1987-07-01,NA,NA,NA,-3.5980926641796973,NA,NA,NA,NA,NA,NA
1987-08-01,NA,NA,NA,-7.941544611767659,NA,NA,NA,NA,NA,NA
1987-09-01,1.1188430764839552,NA,NA,6.796220710417433,NA,NA,NA,NA,NA,NA
1987-10-01,NA,NA,NA,5.010468330158568,NA,NA,NA,NA,NA,NA
1987-11-01,NA,NA,NA,1.6158790082171581,NA,NA,NA,NA,NA,NA
1987-12-01,1.7348845118167588,NA,NA,2.900881399715338,NA,NA,NA,NA,NA,NA
1988-01-01,NA,NA,NA,0.5393811925996417,NA,NA,NA,NA,NA,NA
1988-02-01,NA,NA,0,-0.2538681935695397,NA,NA,NA,NA,NA,NA
1988-03-01,7.28681273885563,NA,11.395655712762442,0.5036758348128778,NA,NA,NA,NA,NA,NA
1988-04-01,NA,NA,1.557002437738575,-1.0444317980234263,NA,NA,NA,NA,NA,NA
1988-05-01,NA,NA,-2.704791222207259,0.7946241567800882,NA,NA,NA,NA,NA,NA
1988-06-01,-1.823692705406188,NA,0.6472514505617255,1.0056845802845604,NA,NA,NA,NA,NA,NA
1988-07-01,NA,NA,-0.35906681307285027,2.2903172292001006,NA,NA,NA,NA,NA,NA
1988-08-01,NA,NA,3.6727291720156874,3.4249588173306478,NA,NA,NA,NA,NA,NA
1988-09-01,3.336931882166283,NA,-9.98279980881005,-3.1832408472856955,NA,NA,NA,NA,NA,NA
1988-10-01,NA,NA,3.759841355700777,0.24443428963691893,NA,NA,NA,NA,NA,NA
1988-11-01,NA,NA,5.527061420678958,1.2393601260006548,NA,NA,NA,NA,NA,NA
1988-12-01,2.8286698011001477,NA,-1.0530107829910484,-1.2393601260006548,NA,NA,NA,NA,NA,NA
1989-01-01,NA,NA,-6.637506894487277,5.821724113204452,NA,NA,NA,NA,NA,NA
1989-02-01,NA,NA,-0.15094342488541912,0.45959959169961095,NA,NA,NA,NA,NA,NA
1989-03-01,-0.027063823841544377,NA,19.059539113135095,-0.9494678079331464,NA,NA,NA,NA,NA,NA
1989-04-01,NA,NA,-10.799958934731269,1.1784779039980986,NA,NA,NA,NA,NA,NA
1989-05-01,NA,NA,3.8872947543795,1.83468905274089,NA,NA,NA,NA,NA,NA
1989-06-01,1.663443309833923,NA,5.085841723349072,0.25158771094706545,NA,NA,NA,NA,NA,NA
1989-07-01,NA,NA,-2.055306773816179,2.699960923853739,NA,NA,NA,NA,NA,NA
1989-08-01,NA,NA,14.474344796954552,3.2613003796802875,NA,NA,NA,NA,NA,NA
1989-09-01,2.8112698520256885,NA,-18.513291653150077,-0.20842560615208505,NA,NA,NA,NA,NA,NA
1989-10-01,NA,NA,11.356996893707949,-1.945171139637436,NA,NA,NA,NA,NA,NA
1989-11-01,NA,NA,3.8454900832689543,1.945171139637436,NA,NA,NA,NA,NA,NA
1989-12-01,3.7463297895556025,NA,0.11600929375306102,1.2835980179271456,NA,NA,NA,NA,NA,NA
1990-01-01,NA,NA,-15.048590573813447,0.439214625773543,NA,NA,NA,NA,NA,NA
1990-02-01,NA,NA,14.990602749631243,2.9125584589825504,NA,NA,NA,NA,NA,NA
1990-03-01,1.0421725833847262,NA,11.49432247896014,2.2395237569033277,NA,NA,NA,NA,NA,NA
1990-04-01,NA,NA,-11.320459786656123,0.614469860023581,NA,NA,NA,NA,NA,NA
1990-05-01,NA,NA,12.246868882635953,-1.8278424186725317,NA,NA,NA,NA,NA,NA
1990-06-01,2.2292539859918747,NA,-9.392793881838646,2.412198713382274,NA,NA,NA,NA,NA,NA
1990-07-01,NA,NA,-2.3342932934355964,3.324046669867231,NA,NA,NA,NA,NA,NA
1990-08-01,NA,NA,7.221348618699386,2.0971054315721993,NA,NA,NA,NA,NA,NA
1990-09-01,3.482395919418124,NA,6.131790643752888,0.7563165794320259,NA,NA,NA,NA,NA,NA
1990-10-01,NA,NA,-6.5076300123374065,0.18324093875285996,NA,NA,NA,NA,NA,NA
1990-11-01,NA,NA,17.566506014573015,-0.9395575181848859,NA,NA,NA,NA,NA,NA
1990-12-01,1.8887010723044995,NA,-15.227218057102476,0.7563165794320259,NA,NA,NA,NA,NA,NA
1991-01-01,NA,NA,-5.39796440928324,2.2158312401567404,NA,NA,NA,NA,NA,NA
1991-02-01,NA,NA,8.45124169219913,0.5343145818720085,NA,NA,NA,NA,NA,NA
1991-03-01,3.593312558465911,NA,8.356507834604221,-1.276437529942287,NA,NA,NA,NA,NA,NA
1991-04-01,NA,NA,3.319806940959591,2.1837671505097855,NA,NA,NA,NA,NA,NA
1991-05-01,NA,NA,3.0373035971596796,0.7261504439154631,NA,NA,NA,NA,NA,NA
1991-06-01,1.6899593317951656,NA,-5.982753526286055,-0.35170303119502755,NA,NA,NA,NA,NA,NA
1991-07-01,NA,NA,8.845047799449635,1.2443974158586002,NA,NA,NA,NA,NA,NA
1991-08-01,NA,NA,-5.627858572673272,2.440986530577227,NA,NA,NA,NA,NA,NA
1991-09-01,2.251572728208018,NA,-5.81965452967288,0.8658260537920182,NA,NA,NA,NA,NA,NA
1991-10-01,NA,NA,13.353139262452274,0.8561385868432136,NA,NA,NA,NA,NA,NA
1991-11-01,NA,NA,0.2513616740316138,1.0142120279236888,NA,NA,NA,NA,NA,NA
1991-12-01,2.5425822723086355,NA,-6.481750007647102,-2.205282973121614,NA,NA,NA,NA,NA,NA
1992-01-01,NA,NA,6.062462181643502,1.524292012280437,NA,NA,NA,NA,NA,NA
1992-02-01,NA,NA,-13.473259397015669,2.3568656101742747,NA,NA,NA,NA,NA,NA
1992-03-01,1.7155672084282259,NA,12.756410449154387,0.16013516194410826,NA,NA,NA,NA,NA,NA
1992-04-01,NA,NA,-2.00904384940217,-2.850221839200895,NA,NA,NA,NA,NA,NA
1992-05-01,NA,NA,-1.83011643824047,0.8488710303854674,NA,NA,NA,NA,NA,NA
1992-06-01,0.7500406185993569,NA,4.177141175492416,2.6676485628081448,NA,NA,NA,NA,NA,NA
1992-07-01,NA,NA,-0.4226548979892719,-0.8264329159368256,NA,NA,NA,NA,NA,NA
1992-08-01,NA,NA,-15.006472838714036,-0.5084253102931591,NA,NA,NA,NA,NA,NA
1992-09-01,0.12027012168474016,NA,0.49091900262387966,-2.014912038137151,NA,NA,NA,NA,NA,NA
1992-10-01,NA,NA,12.071702309117072,0.6821217015589909,NA,NA,NA,NA,NA,NA
1992-11-01,NA,NA,-7.104109862513797,1.3327903365781602,NA,NA,NA,NA,NA,NA
1992-12-01,1.5615543342118343,NA,3.0743416860405937,0.8306279628139013,NA,NA,NA,NA,NA,NA
1993-01-01,NA,NA,-8.631326801521677,-0.8306279628139013,NA,NA,NA,NA,NA,NA
1993-02-01,NA,NA,4.2436454125518885,-0.4888470975715986,NA,NA,NA,NA,NA,NA
1993-03-01,2.05619669551389,NA,14.398179008576584,2.960314912285744,NA,NA,NA,NA,NA,NA
1993-04-01,NA,NA,-7.997457153751064,-0.8170545194290391,NA,NA,NA,NA,NA,NA
1993-05-01,NA,NA,-3.561340976498739,1.4714860533592056,NA,NA,NA,NA,NA,NA
1993-06-01,2.4926328741074144,NA,11.272206327130041,0,NA,NA,NA,NA,NA,NA
1993-07-01,NA,NA,-6.39100457162316,1.272927988532313,NA,NA,NA,NA,NA,NA
1993-08-01,NA,NA,-6.035149478335455,-0.31089094166065756,NA,NA,NA,NA,NA,NA
1993-09-01,1.8126905923580239,NA,8.453229298056941,4.059659313960706,NA,NA,NA,NA,NA,NA
1993-10-01,NA,NA,-0.08536065392408254,-0.15266090877159577,NA,NA,NA,NA,NA,NA
1993-11-01,NA,NA,4.058285405825757,1.2349335014423701,NA,NA,NA,NA,NA,NA
1993-12-01,1.9498045341741488,NA,2.59018932158539,2.0925972387872527,NA,NA,NA,NA,NA,NA
1994-01-01,NA,NA,-0.6010837572703931,-0.14591346372729852,NA,NA,NA,NA,NA,NA
1994-02-01,NA,NA,-12.347646330430884,0,NA,NA,NA,NA,NA,NA
1994-03-01,2.925886658149679,NA,24.197378470534716,0.43710321813672515,NA,NA,NA,NA,NA,NA
1994-04-01,NA,NA,-4.9022251078094214,-0.8919820753772179,NA,NA,NA,NA,NA,NA
1994-05-01,NA,NA,1.7837708186021484,3.9603364566328736,NA,NA,NA,NA,NA,NA
1994-06-01,1.6514603654290028,NA,1.171745372723798,2.275479605974251,NA,NA,NA,NA,NA,NA
1994-07-01,NA,NA,-3.1056100281341426,-2.13458892524212,NA,NA,NA,NA,NA,NA
1994-08-01,NA,NA,3.577737289726368,1.5686818259603275,NA,NA,NA,NA,NA,NA
1994-09-01,1.5993600965742871,NA,-0.39934705459501174,2.506211423095639,NA,NA,NA,NA,NA,NA
1994-10-01,NA,NA,3.0451932085379774,0.41924196948759374,NA,NA,NA,NA,NA,NA
1994-11-01,NA,NA,3.160533941533128,2.4383782715903912,NA,NA,NA,NA,NA,NA
1994-12-01,3.971260032970747,NA,7.727754691500088,-1.6195627841225857,NA,NA,NA,NA,NA,NA
1995-01-01,NA,NA,-14.994014729091498,3.8698069229509358,NA,NA,NA,NA,NA,NA
1995-02-01,NA,NA,9.095579342323967,-0.9171496845707949,NA,NA,NA,NA,NA,NA
1995-03-01,2.1847784137342785,NA,15.25669202276223,1.1719666403614326,NA,NA,NA,NA,NA,NA
1995-04-01,NA,NA,-6.642310083805869,0.6539974821330397,NA,NA,NA,NA,NA,NA
1995-05-01,NA,NA,4.9567136508723575,0,NA,NA,NA,NA,NA,NA
1995-06-01,1.8887574820400488,NA,-1.208919337750869,2.3037988555784317,NA,NA,NA,NA,NA,NA
1995-07-01,NA,NA,-5.205862644624304,-2.3037988555784317,NA,NA,NA,NA,NA,NA
1995-08-01,NA,NA,2.95588022415445,0.26795392112388683,NA,NA,NA,NA,NA,NA
1995-09-01,2.0814948743886674,NA,0.06066120901815353,0.2535507003280202,NA,NA,NA,NA,NA,NA
1995-10-01,NA,NA,6.79816468077985,1.2852292579451863,NA,NA,NA,NA,NA,NA
1995-11-01,NA,NA,-0.7392697871060339,1.1320622091893995,NA,NA,NA,NA,NA,NA
1995-12-01,1.8780898045054784,NA,0.7392697871060339,1.4985278841699312,NA,NA,NA,NA,NA,NA
1996-01-01,NA,NA,0.958563866335771,0.7556236216704093,NA,NA,NA,NA,NA,NA
1996-02-01,NA,NA,-2.7305450690267907,1.3317201539538637,NA,NA,NA,NA,NA,NA
1996-03-01,1.988550761190666,NA,7.041439044619047,-0.5963509467653338,NA,NA,NA,NA,NA,NA
1996-04-01,NA,NA,4.954492463278859,1.0865992222561793,NA,NA,NA,NA,NA,NA
1996-05-01,NA,NA,-1.5204519164502273,1.5544148340379316,NA,NA,NA,NA,NA,NA
1996-06-01,1.907567353820383,NA,-7.101665628262666,-3.6330808366468403,NA,NA,NA,NA,NA,NA
1996-07-01,NA,NA,8.134999545227117,2.9169474150292807,NA,NA,NA,NA,NA,NA
1996-08-01,NA,NA,0.10274853202951739,0.2493271843214906,NA,NA,NA,NA,NA,NA
1996-09-01,1.828899504840109,NA,-11.467490556077475,1.3078673101516003,NA,NA,NA,NA,NA,NA
1996-10-01,NA,NA,17.30164731420163,0.5900090476344211,NA,NA,NA,NA,NA,NA
1996-11-01,NA,NA,-3.8262102774328177,-0.5900090476344211,NA,NA,NA,NA,NA,NA
1996-12-01,1.7411557393185007,NA,2.0177543437751133,0.3469349773759234,NA,NA,NA,NA,NA,NA
1997-01-01,NA,NA,-5.109862192335557,-5.685929367307363,NA,NA,NA,NA,NA,NA
1997-02-01,NA,NA,-8.500786428069418,5.570418060893267,NA,NA,NA,NA,NA,NA
1997-03-01,0.48145124273837325,NA,12.868070950720023,0.7034829485114358,NA,NA,NA,NA,NA,NA
1997-04-01,NA,NA,-0.8733679968754515,0.47037066454604926,NA,NA,NA,NA,NA,NA
1997-05-01,NA,NA,-0.5529041479145569,0.2281979527337441,NA,NA,NA,NA,NA,NA
1997-06-01,3.4491856470562965,NA,-1.0895838188254903,0.4671038885371459,NA,NA,NA,NA,NA,NA
1997-07-01,NA,NA,2.540697598322783,-1.9863640286599704,NA,NA,NA,NA,NA,NA
1997-08-01,NA,NA,-7.261876860225414,3.934038897027925,NA,NA,6.22553648243489,NA,NA,NA
1997-09-01,0.9732909987448579,NA,0.32000027306713363,-2.0611770355602133,NA,NA,-1.931553935897412,NA,NA,NA
1997-10-01,NA,NA,9.371145844062756,-1.5263222246066022,NA,NA,1.9149914147156721,NA,NA,NA
1997-11-01,NA,NA,-7.891203399468871,-2.1356824009489017,NA,NA,-2.0107694985998847,NA,NA,NA
1997-12-01,-0.613253402751468,NA,-13.548202719906755,-4.9203354253494425,NA,NA,-17.16199651325727,NA,NA,NA
1998-01-01,NA,NA,-28.278769120860268,-13.469545224012425,NA,NA,-8.406064147166248,NA,NA,NA
1998-02-01,NA,NA,7.447799991002535,-6.714275746055831,NA,NA,-5.482763890225861,NA,NA,NA
1998-03-01,-6.950164889446597,NA,8.200441242647916,-3.4578438965916725,NA,NA,6.2204121423317105,NA,NA,NA
1998-04-01,NA,NA,0,-0.8039004608665579,NA,NA,-4.980107164789871,NA,NA,NA
1998-05-01,NA,NA,-6.913895285453275,-1.469143770780601,NA,NA,-0.016719517346075463,NA,NA,NA
1998-06-01,-0.7833423165493514,NA,1.9172227687928256,0,NA,NA,-1.1892305598600217,NA,NA,NA
1998-07-01,NA,NA,-6.743294839959413,-1.6341161005281712,NA,NA,0.8421975809870474,NA,NA,NA
1998-08-01,NA,NA,0.3825559370983722,-0.5078843227426244,NA,NA,-4.079431102626252,NA,NA,NA
1998-09-01,1.9379473314199203,NA,4.040953833787642,8.47470396887866,NA,NA,3.645849900299325,NA,NA,NA
1998-10-01,NA,NA,5.180654732252643,2.574077510490236,NA,NA,9.78645378341021,NA,NA,NA
1998-11-01,NA,NA,7.1543006171373325,1.3428306289203107,NA,NA,-2.7309669022860916,NA,NA,NA
1998-12-01,2.462055135384844,NA,4.902167244688682,2.3370381981183908,NA,NA,-6.675247618698599,NA,NA,NA
1999-01-01,NA,NA,1.4097689810838254,0.8598930564642338,NA,NA,2.1883342859617017,NA,NA,NA
1999-02-01,NA,NA,-11.330433989428634,1.971311011132748,NA,NA,8.532384086903022,NA,NA,NA
1999-03-01,3.0585103093432764,NA,20.59550910161225,2.0842894612728813,NA,NA,-5.47658419109851,NA,NA,NA
1999-04-01,NA,NA,-0.6679679720616782,0.9540346983784254,NA,NA,3.7050335507517573,NA,NA,NA
1999-05-01,NA,NA,1.5791989079635194,2.5420499862804036,NA,NA,-1.060026775875933,NA,NA,NA
1999-06-01,4.246798462712675,NA,5.481923148677614,1.1925377257599123,NA,NA,1.1133411101555524,NA,NA,NA
1999-07-01,NA,NA,-3.927275718254153,5.103985604374994,0.014791805366876076,NA,1.1522537259610388,NA,NA,NA
1999-08-01,NA,NA,-2.050652856248547,-1.3800423284933139,1.0056252120573816,NA,-0.7926020853826543,NA,NA,NA
1999-09-01,2.8318915211450246,NA,1.344511953546501,4.081062340829789,1.3381369067758442,NA,-0.5845392416365058,NA,NA,NA
1999-10-01,NA,NA,8.136267392320118,-1.7032435843609584,0.490032208079505,NA,-4.908491570131268,NA,NA,NA
1999-11-01,NA,NA,1.521036679999055,4.564379313714095,0.3158048464182883,NA,0.6309330211548669,NA,NA,NA
1999-12-01,2.6420732220117316,NA,5.301168842143822,0.3581721496284551,-0.03344721344227253,NA,-7.145031027406112,NA,NA,NA
2000-01-01,NA,NA,-0.25848915814492557,1.5088454841009735,-0.2823576329760158,NA,-7.0388574040233465,NA,NA,NA
2000-02-01,NA,0.1902950146086102,-6.815288823722643,1.486417324256184,0.10059158274025037,0,1.77271416893241,NA,NA,NA
2000-03-01,1.9750939837138048,1.8832948333092236,16.08929231270846,-0.223524529724628,0.5633548748164685,1.0850016024065212,7.878245411935936,NA,NA,NA
2000-04-01,NA,-0.3738322110607317,-6.512486785688498,-1.731004553249882,-0.11432383467813167,-1.0850016024065212,6.45738077636242,NA,NA,NA
2000-05-01,NA,2.770260254933543,0.6615742163270433,3.307612097743018,0.570316644935609,2.1583571667174617,3.776766559373357,NA,NA,NA
2000-06-01,1.5289797330439114,0.3636367643384375,-1.3275544020255658,-1.68855745104306,0.1988448718812208,1.4134510934904476,-1.0488700011038077,NA,NA,NA
2000-07-01,NA,1.0830430774369404,2.210412428445885,4.35839795832571,0.721038021002407,-0.17559267022653202,2.2528519138177217,NA,NA,NA
2000-08-01,NA,-0.5400553180000323,-1.6131214269020422,0.10717804166002765,0.20171227667304947,-0.8826182628271617,-4.94845991514552,NA,NA,NA
2000-09-01,2.7088677781847537,-0.9066245237753456,-0.4131288868788996,-2.214523095200427,-0.060939882349941854,0,-2.193938250262484,NA,NA,NA
2000-10-01,NA,0,3.413918060007237,-1.1117095795792231,0.47248234226007213,0.17714796483820905,-0.6520492280419177,NA,NA,NA
2000-11-01,NA,-0.9149194653587767,0.9952531559815014,-0.9155686997876167,-0.2570154923063228,0.7054702979889527,-5.341740023400554,NA,NA,NA
2000-12-01,-0.3327619567699003,-1.6682499959935981,-6.712402028617559,-1.2614724175115555,-0.21546684995374932,-1.59436503971353,-4.991466769456565,NA,NA,NA
2001-01-01,NA,2.218205552597441,-1.565496867261329,-0.6937224702408429,-0.72946649091854,4.19641990990316,5.857856355810753,NA,NA,0.9205263157894736
2001-02-01,NA,0.5469475804535939,5.034854990652127,-0.34249250529478914,-0.23171693625201328,-1.2058716320127338,0.9765864191576767,NA,NA,0.6275000000000002
2001-03-01,1.0009241011733394,0,0.7248049850769878,0.9229698796470842,0.6465183794642115,0.17316021642779234,2.48701268793301,NA,NA,1.3766666666666665
2001-04-01,NA,1.8018505502678472,-12.432094898907708,2.1644981494612914,1.3873864952326898,1.203797855947908,7.768418694778312,NA,NA,2.2195
2001-05-01,NA,1.4184634991956102,3.7371119929917374,0.9083988094320539,0.37506121340413756,2.030526616074546,0.542717025821382,NA,NA,2.0372727272727276
2001-06-01,1.4966357860892288,-0.7067167223092419,0.540143714422614,0.4370798219633265,0.055445180000113226,-0.33557078469721446,-5.900280069789687,NA,NA,1.4915
2001-07-01,NA,-0.5333345975362391,-5.330573088808865,-1.1105031058995074,0.17998481910712627,-0.3367006547904339,-0.6630122400901328,NA,NA,1.3657142857142857
2001-08-01,NA,2.1164811192043054,4.098727011768988,1.8983319744066307,0.3176432639699911,1.0067199117723469,11.27701677529398,NA,NA,0.8481818181818183
2001-09-01,1.2655720600999842,0.5221943981151611,3.961154481943341,1.318713238603575,0.2937264032926379,0.16680571006970624,5.838371026669442,NA,NA,0.8995000000000002
2001-10-01,NA,0.5194816877104103,-0.621416913664552,-0.33495039689279693,0.11908034749641416,1.1599135843352038,-6.5488626326375865,NA,NA,1.6380000000000001
2001-11-01,NA,0.8598505255231537,4.179011840069302,-0.1075378302521024,0.37919500858407673,1.4718172474021962,-1.3538226390320318,NA,NA,2.187727272727273
2001-12-01,1.5085333578404914,-2.0761991448429384,0.13786766889647417,-1.541422460615749,0.03191465137550864,-1.9672765598705233,-1.7163615688117417,NA,NA,2.6755
2002-01-01,NA,3.7740327982847433,2.40483458416616,3.493855834189663,0.40942646584696263,5.005080095787662,1.6228828203798784,NA,NA,2.875909090909091
2002-02-01,NA,0.8382278752804062,-7.178281028253997,2.237652491974096,0.43036148780419836,-0.6319136351478072,8.424614539564423,NA,NA,2.65
2002-03-01,2.7474803682572713,1.1618387953865827,12.652230048569812,0.10173437060041479,-0.0678288027090801,2.6584833811060804,-10.510410803916415,NA,NA,2.9775
2002-04-01,NA,1.148494986689652,1.3281527583407726,0.4239385315042199,0.4918449551526649,0.921665510492442,1.6805570472426368,NA,NA,3.0490476190476192
2002-05-01,NA,-0.16326534238855217,-0.9257377283682366,0.5243038025191993,-0.15316008219485866,0.30534374868906866,-1.526234562261486,NA,NA,2.5536363636363637
2002-06-01,1.8856877765596636,-0.16353233407304657,-7.435189244178142,-2.9587915751050353,0.2970967749114095,-0.6116227017436415,5.098160639942506,NA,NA,2.033888888888889
2002-07-01,NA,2.1053409197832273,8.067302600515225,1.8055811345755401,0.10781672203457049,1.8237587549781331,2.4493168177983193,NA,NA,1.828095238095238
2002-08-01,NA,-1.452810056290943,-1.3533723167523881,1.0496743282413235,0.06283944728515678,-1.6705020200003418,-6.260210842184222,NA,NA,1.5085714285714287
2002-09-01,1.840254936459118,0.8097210232619112,1.45833716316921,0.5097412740213692,0.3359691381147556,1.3688426660577235,4.047110828523515,NA,NA,1.4715
2002-10-01,NA,0.32206147000417573,4.090591882058581,0.31556154935090674,-0.1163415201926199,0,0.12344591794644089,NA,NA,1.4145454545454546
2002-11-01,NA,0.321027563024856,2.0335628996636768,1.2307344979333834,-0.20616715800265695,-0.606062461169099,2.6173489812119755,NA,NA,1.231904761904762
2002-12-01,0.9399665618715858,-0.48192864359490883,4.552377166122046,2.221272835804733,0.39403624170795126,-1.9954614529544834,4.00301733799715,NA,NA,1.2595
2003-01-01,NA,0.3215436853974296,-1.3479084000095565,-2.6348187287252856,-0.6276077443841288,1.9954614529544834,-2.2495629336876988,NA,101.9,0.8709523809523809
2003-02-01,NA,-0.9677494882065041,-7.313808273324884,-1.0201313433618076,-0.1575193286839749,-2.3060207087697293,2.7539210461497987,NA,103.3,0.5930000000000001
2003-03-01,-0.5387887700390337,0.9677494882065041,10.97309636596191,-0.8394433739795204,-0.1983769811973346,1.3899837689033134,-2.9449737400671694,NA,92.9,0.7252380952380952
2003-04-01,NA,0.16038495819747922,-6.018709086565455,-1.6862487769068402,-0.3164130470628024,1.3709277925033625,-3.2485828094358737,NA,98.8,0.5236363636363635
2003-05-01,NA,0,-4.543961913608996,0.9568914735273992,0.14477020262813056,-0.606982136707579,5.105911793176077,NA,97.2,0.3347368421052632
2003-06-01,0.06610107552695865,1.4320053774748764,-2.1319238576158916,0.8317355306638241,0.1490750846404154,0.45558165358601244,4.781951808605456,NA,93.9,0.17950000000000016
2003-07-01,NA,-0.793025567597816,10.552786567076833,-6.005179578565745,0.3424815208234122,0.7547205635383136,-1.9975018560479896,NA,93.5,0.7913636363636365
2003-08-01,NA,1.2658396871923827,-9.781708452604887,4.852232666197853,0.008996851108200588,-0.4521484718845947,0.6790271734914199,NA,99.6,1.1885000000000001
2003-09-01,1.586424989956825,0,6.470718036200873,2.29411943018043,-0.05849400603246124,0.15094342488541912,-3.818284808631134,NA,100.2,0.7321052631578947
2003-10-01,NA,0.938974034983886,12.718712265044685,1.0295698651649587,0.3011035238989379,-0.15094342488541912,3.3929771856033852,NA,99.8,0.7845454545454545
2003-11-01,NA,0,-7.302773123401618,-1.1294173666726692,0.25097489980989707,0,-0.5550774243804568,NA,103.9,1.2970000000000002
2003-12-01,2.517906983411322,0,10.373707878133054,3.155966231634544,0.4421525257876979,-2.137485958473384,7.78815330004079,NA,103.9,1.355
2004-01-01,NA,1.0844413014129195,-9.675688879427291,-0.8107774715582217,0.7414512179186872,2.288429383358803,-1.2765169246641506,NA,107.1,1.3800000000000001
2004-02-01,NA,1.0728072239999165,4.3695402140990325,1.2988575383984013,0.5558020483526604,0.1507159290571991,-3.603994618307027,NA,108.2,1.3655
2004-03-01,1.412991315549661,-0.6116227017436415,8.091844115624891,-1.9048956213779,-0.09682247037527958,-0.3016593539426182,1.9690943379004011,NA,106.8,1.125909090909091
2004-04-01,NA,0.9160369398664159,-3.185296381634828,0.8143520178588659,-0.255709512405744,0.6024114603381037,-1.089390298283277,NA,109.2,1.1355000000000002
2004-05-01,NA,-0.15209128407063233,-7.840352245368543,-1.9368652244667217,-0.4823338333073579,-0.7535830688702561,-0.861421003926921,NA,100,0.9973684210526316
2004-06-01,0.8304588386248923,-1.2251301780520585,3.2312415253418436,-0.4033857116831463,0.4779193095233225,0.3021150334175715,-3.7818556583420815,NA,97.3,0.8277272727272729
2004-07-01,NA,-0.15420203518159425,-0.8068803643425326,-0.9356632947684851,-0.21212664839609374,-0.60514556833553,4.690182099202644,NA,96.2,0.7086363636363637
2004-08-01,NA,0.30816665374082675,-4.116695244981816,0.6210944047019495,-0.19041298789836958,-0.9146405226076126,0.17268889675072785,NA,96.9,0.4068181818181819
2004-09-01,0.25550578454343054,0.918842605440684,-1.0144880883423024,0.5164651458106739,0.9923560387310459,0.7627802048886245,2.1659356028003174,NA,98.5,0.2363157894736842
2004-10-01,NA,-0.30534374868906866,11.559715228751744,-0.09953302113601126,-0.03950573981992278,0.1518603177189881,-4.496896726790567,NA,95.8,0.16095238095238096
2004-11-01,NA,-0.1530222180767815,-2.745861446550535,-0.3156149934139485,-0.20656170132724583,-0.30395160178962044,-5.880399470094133,NA,92.6,0.17818181818181833
2004-12-01,0.816302341930708,-0.7686432924156605,1.866698447862536,0.9303152915949298,0.5396761886295565,-0.917437627604123,5.064763725015808,NA,90.8,0.1260869565217393
2005-01-01,NA,3.3387016032737193,-5.250415011902998,1.3159059324518552,-0.5792792781882383,2.8768070176441896,-0.13409666758654737,NA,96.1,0.6371428571428572
2005-02-01,NA,-0.5988041844622316,-10.059188222350102,-1.9306062306328364,0.14952944997386197,0.7434978487518507,-2.6309242487656093,NA,109.6,1.2141176470588235
2005-03-01,0.9317548666661679,1.3423020332140823,19.1502582868341,1.6223776295974268,0.2501811825688094,-0.14825799602231626,5.149583666204194,NA,112.3,1.0563636363636364
2005-04-01,NA,-0.5943553900848109,-9.707540532889425,-1.2221211492592587,-0.14476543950863174,-0.1484781267579116,1.5493361830991148,NA,111.8,0.8560000000000001
2005-05-01,NA,0.14892035514675328,-1.7825783952600815,0,0.10969002701290975,0.2967361227802279,1.3897817410647662,NA,104.9,0.6066666666666667
2005-06-01,1.857616273202467,0.7412932389125437,0.8239344480105437,2.133331793639215,0.1008086693159882,1.1782168698259987,0.44554565350765074,NA,103,0.71
2005-07-01,NA,0.29498546464212794,0.4449593529884943,1.1951648762297928,-0.035052359820753054,0.2923978691435458,-1.7353171877960705,NA,99.9,1.1576190476190478
2005-08-01,NA,0.7336790063854792,2.4904829806315476,0.30312398138869767,-0.02191396585811134,0.5822432751433126,0.8143890360681638,NA,104.5,1.424090909090909
2005-09-01,1.394080067364456,0.14609206396745122,1.8534939399022399,-2.0023033649335,0.12265640227084873,-0.14524330803151742,-2.0226964195618535,NA,107.8,1.5742857142857143
2005-10-01,NA,1.016711735544451,-1.2146244613998824,1.7963840990591784,0.22302403471901044,0.4350985834326693,-0.16076594014222678,NA,106.3,1.631
2005-11-01,NA,2.1444710278903045,5.719666133952295,3.124062598665578,0.253032156642341,1.5793580258141482,2.2416386931674026,NA,110.6,1.9054545454545453
2005-12-01,1.140896179585127,-1.7118820331781137,4.076997756271528,-0.671614776967111,-0.043580581183100264,-0.858374369139181,-4.263511108334228,NA,113.6,1.6577272727272725
2006-01-01,NA,2.1353124470569362,-5.303605661284028,3.2320239883370405,0.4523123442274013,2.1322769468820724,-2.5393370273015137,NA,116.7,1.5557142857142856
2006-02-01,NA,-0.8486613877318305,-0.676961224761552,-1.7997757426272187,0.034708664498772634,-0.9894073645197565,-0.15326371402331063,NA,118,1.1269999999999998
2006-03-01,1.5771698044854787,0.7077170374084396,9.401408148112811,1.3298068304631094,0.1473775732728555,0.9894073645197565,6.186003744868529,NA,118.4,1.1654545454545453
2006-04-01,NA,1.1220314067493575,-5.645785114419244,-1.9975868292910093,0.10822746137471029,0.42105325363444024,-0.7624650519545639,NA,117,1.1985
2006-05-01,NA,0.41753714104801887,3.8502408321726023,2.376966470708375,0.17723986051265683,0.27972046210607004,-0.6207592177524646,NA,111,0.9754999999999999
2006-06-01,0.7191377720804581,-2.1053409197832273,-4.410287099581733,-0.8515676947427941,0.08634460666829824,-0.8415196925284363,-1.4112858426194919,NA,105.5,0.88
2006-07-01,NA,-1.8611847194598852,-1.7808468045226178,-6.034684436290139,0.09920421784492817,-0.7067167223092419,-1.983012747812296,NA,104.3,0.7904999999999999
2006-08-01,NA,4.9340521915849145,3.3095389942132236,7.068587939824411,0.16799125227482392,2.5211419346495845,3.5261229047037546,NA,106.5,0.4209090909090908
2006-09-01,1.5551095363349532,-0.4135085147802364,1.894084956288733,1.9475995263213974,-0.02152157546237987,0,1.8537354290558028,NA,108.2,0.289047619047619
2006-10-01,NA,4.192635686330792,-4.682280312839016,2.7084576805963323,0.1806374410582734,1.3736479727886497,8.746027244239585,NA,110.5,0.1968421052631577
2006-11-01,NA,-1.3333530869465093,5.316025381614864,-0.8099902953023097,0.15457280879260793,0.6798122713821186,-6.993765939798635,NA,110.8,0.31545454545454543
2006-12-01,0.8270747886314211,-1.6238516492908417,2.5856953836298935,-0.9946991880946499,0.20572611404645613,0.2706361597743623,-0.5852168706127259,NA,108.6,0.39299999999999996
2007-01-01,NA,0.5442190302686001,-0.15026298845350894,0.09991634342938482,0.34620597484451565,0.2699056969164282,-1.2388973508510759,NA,107.6,0.36999999999999994
2007-02-01,NA,2.545348399019609,-5.3749811332679975,1.7047731399675747,0.123659483169547,1.6043124840575906,2.4023536921230715,-12.337759804478665,114.1,0.3542105263157895
2007-03-01,1.757181532443397,-2.0040750883445924,12.61054434496316,-1.7047731399675747,0.11925044002616403,-0.6653384490736158,-2.7753619205665103,7.153942259329327,114.6,0.23476190476190475
2007-04-01,NA,1.3405026468047865,-2.1919848143530096,0.5423774650542335,0.034045451005582095,0.6653384490736158,3.3119030591731047,-1.8334874443802107,116,0.30047619047619056
2007-05-01,NA,0.5312097484889478,-1.8907974714686304,2.399098244679454,0.06380399629453137,0.7926065272420679,-1.6706551546675996,-1.5644464063608865,115.3,0.5152380952380954
2007-06-01,1.678656090693309,-0.26525214491313065,-5.958698462325618,-2.134976236546038,0.13597928411481774,0.9168368086879042,-3.16020112403983,16.286139511101183,114.1,0.8180000000000003
2007-07-01,NA,1.7116941940697572,3.4803299839894386,1.7897225420033358,0.09337861459517427,0.779224722016636,6.575749001276776,3.8806543627583068,115.8,0.7742857142857144
2007-08-01,NA,1.939298009909507,-0.16443684099884948,-0.7165368775246428,0.02545176903527846,1.2853647403381352,-0.48749250197275273,9.184200697236733,118.2,0.43545454545454515
2007-09-01,1.177181178519504,-1.8088348472430127,-7.516731868210158,-0.885974400976508,0.03392561840769304,-1.4148145966027315,-3.6734107661221316,-4.9952775405788685,117.7,0.47352941176470575
2007-10-01,NA,2.827951947861873,16.37359305869266,3.6150205920247203,0.20754364805988246,1.54244703256321,3.2329984150859303,4.093848228477981,116.2,0.4818181818181819
2007-11-01,NA,-0.12682309879954445,0.5870724759502899,1.2015174753787328,0.10149709067217572,0.2547772078798083,0.6163719799495482,-1.2353987933174437,115.3,0.5895454545454545
2007-12-01,1.9499535544714064,0.37998779097749846,-4.0135915378782805,-0.5989541932394538,0.17315290345170098,0,3.4137150754379064,-16.90298809870754,112.7,0.9242105263157895
2008-01-01,NA,0.8810629682154847,6.885115817274912,2.3009505004871755,0.26548128780330416,1.890415463915307,-3.610051744831111,-13.529700353807428,112.7,0.5268181818181819
2008-02-01,NA,0,-11.495964422736193,-1.8701609664050878,0.08413259792909855,-0.2500001302085053,-5.6022619266659746,-4.22611937139763,115.1,0.1711111111111111
2008-03-01,0.7511397192892844,-0.7547205635383136,10.23138850270735,0.42894169530587334,-0.02523234800371199,0,-2.5209926910761737,13.361570395952072,107.8,0.23238095238095213
2008-04-01,NA,1.0050335853501124,-1.6750357862509446,-0.5131301914841124,0.046254442302284815,0.1250781901652509,0.7549983612136657,-5.536246420582813,109.3,0.0319047619047619
2008-05-01,NA,-0.5012541823544048,-2.273294837214923,-2.3480636343710337,0.02522068109200859,-0.1250781901652509,-1.1058384696376322,4.959760454208961,104.5,0.3968421052631579
2008-06-01,0.36333785305124877,-2.030526616074546,-6.297897977213385,-0.17143161221628844,-0.05465285066570402,-0.8799553951848615,-5.618837834614254,-1.5977610389445118,99.7,0.9155000000000001
2008-07-01,NA,1.4004048084016674,8.720924006902475,0.95371023333648,0.10507513838469151,1.254721605208875,4.227823872902192,0.9998720271259032,94.1,1.0717391304347827
2008-08-01,NA,0.3785493479481872,-7.84910466888844,-1.754103568012333,-0.09246029069220896,0.12461060802468893,2.8653104967293785,-3.7668883285700616,102.8,0.63
2008-09-01,0.6615306041300784,-1.1399743464727052,2.8571300276682976,-2.2380070674945074,-0.16832895444540696,-0.8755528102378562,-2.586496078494349,-6.715050423096258,98.9,0.6890476190476189
2008-10-01,NA,-0.2551021791605379,-4.175179468022172,0.6308942172452703,0.079991584098948465,-0.5037794029957077,-1.6669544349859677,-19.50389034254485,83,0.31181818181818166
2008-11-01,NA,-4.17270442266684,-10.605644450233775,-7.689217446627783,0.050488052233710334,-1.0152371464017484,-2.2980766589238755,-22.31293967057617,71.6,1.1675
2008-12-01,-3.432044098390463,-4.493608271591132,3.7893793071375192,-7.260831899615727,-0.2316131833623558,-1.6720646787079296,-9.325469441348488,-31.541588396810738,61.3,1.0877272727272727
2009-01-01,NA,2.747425555224847,-0.4478574344388697,-0.7441920738403773,-0.06747923161025682,2.8134848071519336,13.685732522560556,0.8374075468172038,68.2,1.5726315789473684
2009-02-01,NA,2.937460867990449,-11.0038176790896,5.739307664533921,-0.1393198882814417,0.25188930194834924,0.9648904056003715,15.605960983625522,70.8,2.621
2009-03-01,0.2633711135167971,-0.2635047638005261,8.15832856948786,1.48797637814857,-0.3173598347540718,-1.3933094303923532,-6.932873021482777,7.028319464202326,73.6,2.736818181818182
2009-04-01,NA,3.5000332140037393,4.420074325178636,3.5612147665665006,0,2.5190248828558026,7.296684832082434,17.90176421955465,91.4,2.669090909090909
2009-05-01,NA,-0.7672671911660878,-6.992885797784254,0.8540274103433276,-0.21638142471793742,-0.24906613124517918,-2.2282416609989752,12.967447608160043,96.6,2.6326315789473687
2009-06-01,1.3428094031667115,2.4097551579060905,7.684821252267238,5.30050612091264,0.8332500362358886,0.6215060403434336,8.169846370233458,7.927552194986376,99.7,2.7931818181818184
2009-07-01,NA,0,2.2316128322547257,0.2723945861109911,-0.26993984926679815,0.740744127786197,-6.864432528725928,3.9929309525309264,100.8,2.6782608695652175
2009-08-01,NA,0.5000010416705614,-0.2608763851966067,-0.8954348011152469,0.13927872764512017,0.3683245416295833,-3.7091118151213465,9.635002019565775,109.4,2.9304761904761905
2009-09-01,3.0050499287426646,2.341450158591396,3.4285620505536407,4.553603881431201,0.3032091938072412,0.4889985294192378,6.293053991890929,8.222097953477814,111,2.885
2009-10-01,NA,-0.9791999904617654,3.472773837654586,-1.9025707692106764,-0.08834108645103811,0.24360547978812264,-2.877695021656379,12.484174692909278,113.8,2.913809523809524
2009-11-01,NA,0.24570036930517958,-6.533237313065499,1.3880972531878477,0.021040671695793378,-0.6101300196177384,1.0124084734915328,2.024396455143318,110.1,2.8414285714285716
2009-12-01,0.7298233852989,0.976808743620694,8.7878524892675,3.3838025714749698,-0.2738746524066471,1.6990699995445446,-3.798534227744099,2.424719806500164,111.5,2.757727272727273
2010-01-01,NA,-0.3651860418770525,-3.0609550382445505,-2.024841155281365,0.037965873354650626,-0.8459264945976486,4.989880791671908,-2.5122707361539653,114.5,2.8435
2010-02-01,NA,2.647567398402817,-3.5163608096985044,0.4145397979181453,0.37466629106610583,1.5653540580003344,-0.2513299582364681,1.0335933967287048,117.7,2.7689473684210526
2010-03-01,2.315922534111081,0.3556613114846563,15.029265035053907,2.3510943344571267,0.3272089503846942,0.1194029992607426,-1.7517425693146293,20.095391602969315,116.5,2.461818181818182
2010-04-01,NA,-0.5934735519814716,-2.8226099652189696,0.904776382353667,0.4929822818386498,-0.2389487397381096,-4.518348558339369,6.3800094972478405,117.9,2.4345454545454546
2010-05-01,NA,1.652930195121094,-4.278437820165237,-0.20095924033043389,0.4698260310588509,1.5430573226645983,4.000561220236065,7.277364676498621,117.2,2.396842105263158
2010-06-01,1.602797830047109,0,0.8265648381915902,1.296390474078546,-0.2408739069027277,-0.4722558954173728,-0.30996784406056577,-1.39566146236767,116,2.415238095238095
2010-07-01,NA,-0.7050557996667095,2.479633852646579,-0.19984320039405645,0.4107974821987881,-0.2369669355318571,0.88162287562632,5.364892124858045,116.2,2.251818181818182
2010-08-01,NA,-0.59136777900477,0.40069507331539356,-0.3965693373487511,-0.22386212814620166,-0.4756251534648648,-4.6259848172265805,7.6621667755158995,114.7,1.9940909090909091
2010-09-01,1.0116334659024062,-0.11869437595279919,-2.5652817507846315,0.09928986979881316,-0.13705174809626186,-0.23866359777313662,-3.211327314928525,-8.638244452172472,115,1.6357894736842105
2010-10-01,NA,0.5920680409727375,3.216317066943919,-0.5983085658041176,0.2739159214213416,0.35778213478838694,-3.0667595248258905,-8.585711421171638,112.7,1.4023809523809523
2010-11-01,NA,0.47114339213196743,2.7560028125425795,2.8604551646064458,0.10356041604069333,0.35650661644961446,2.5135784670974104,-17.710422159776584,114.3,1.6568181818181817
2010-12-01,1.4016886982155086,1.1682375854356053,2.052988903639097,0.19595867961781366,0.40492576607142894,0.7092228309492299,4.885799364231147,5.903922680408158,112.7,1.5130434782608695
2011-01-01,NA,2.5230696176230083,3.1433111478243347,3.3410610822788733,-0.48776551731908313,2.213252834900281,-5.074361468721023,5.913061539559905,112.6,1.6514285714285712
2011-02-01,NA,-4.044456481205749,-16.31810572550414,-3.0509895171279666,0.8787366513928418,-2.5672355054126683,-8.846465825256367,-16.585483792023936,114.1,1.6600000000000001
2011-03-01,0.9502395100149386,3.3626356580279904,18.184147997244438,1.5371299785878811,0.4139944018787034,1.6413029641329402,11.122658434573118,25.210432468949406,110.6,1.2059090909090908
2011-04-01,NA,-1.146801559164068,-5.553555230896379,-2.2173903837501285,0.02862927158062689,0.34823018358745017,-6.712435125852778,-4.646964924950225,114.3,1.0857142857142859
2011-05-01,NA,0.46030000719605724,-1.9089683531450241,1.0657182464316683,0.367362346284672,0,1.183552592691406,-1.5073969714748614,112.2,0.9455000000000001
2011-06-01,0.4331279437476354,1.0279930619749855,0.6575154224024438,0.8649951664597921,0.313231213083931,0.577702357692278,9.01126520129747,-3.7448070177070747,109.1,0.7252380952380953
2011-07-01,NA,-0.5698021114637797,-0.7351551778552512,-0.3831720705014696,-0.19921540140028782,0.8032171697264445,-12.53168751574485,-13.672585502290602,108.2,0.7195238095238097
2011-08-01,NA,0.3422707277501935,1.1966944586953687,0.47847726148866343,0.28853011990666033,0.6833739578564924,1.1634490225612026,-2.3273841338106394,107.1,0.48181818181818187
2011-09-01,0.4614683080543358,-0.2280502698725151,1.8879243027465797,0,-1.0155684079702354,-1.2564414287550285,3.582426601269084,5.808892038722391,106.7,0.29250000000000004
2011-10-01,NA,1.1350859668689317,-5.0454659002795665,0.19137177987147425,1.246604321288558,0.45871640069057307,3.60047788325204,-0.42652159308751436,104.8,0.35549999999999987
2011-11-01,NA,-1.2493064247466101,1.389639562111178,-1.7314689984105236,0.020240866378173905,-0.34383988030324275,-8.107953538925727,-3.0820594640278642,104.9,0.26590909090909104
2011-12-01,0.668395988331838,-0.9184909577072631,6.3186872490661905,-0.6815882219615155,0.21430168119049853,-1.0386706188809214,11.196458319465918,-9.163084365980367,100.7,0.2422727272727274
2012-01-01,NA,1.0327114155849415,-3.5073860034231075,2.6989147030985983,-0.10102847841579887,1.3825104991841641,-14.652714862038962,-10.455186715941878,101.7,0.24400000000000005
2012-02-01,NA,2.145762733846368,1.3952837760004222,0.4729113368006743,0.351139545100132,0.7977250280644554,2.332038515159951,2.7608207669253204,105.4,0.30142857142857143
2012-03-01,0.9515126953644426,-1.3498517670894827,-1.572656177754439,-3.7590043418149754,0.30975345079600203,-0.7977250280644554,2.3742640568372053,12.75250504525296,106.7,0.44380952380952376
2012-04-01,NA,0,-3.8916422654939886,2.6181624429917782,0.12042390665332192,0.11435107020796309,-3.336464862078614,-11.517568099269582,110.1,0.391
2012-05-01,NA,1.1261380272538979,3.6631287726317296,0.572047840886647,0.4123552092728744,1.0233176280029177,1.8279565526926334,15.760751670297779,106.2,0.233809523809524
2012-06-01,0.42129491215980863,-1.2394524869708157,-2.796754227709819,-1.630600898759571,-0.14393093800908474,-0.453515516539138,-3.2478344635956446,7.547526571793028,101.6,0.15100000000000016
2012-07-01,NA,0.7905179507113225,4.10990441008332,1.4406261371688878,0.05999640201554968,1.0175328041651888,6.0049724337917,-24.84183986439632,97.1,0.021363636363636414
2012-08-01,NA,-1.47311445775129,-2.8758821257987677,-3.492376684808818,-0.14405188357908827,-0.3380284908823583,-6.929326927130397,8.857255990489676,95.5,-0.057727272727272766
2012-09-01,0.44484853386741463,0.7959109667568853,0.8996333647921517,1.1777295673499388,0.2719240288751479,0.1128031704499044,6.520352939322471,0.9753555115221246,94.3,-0.10550000000000007
2012-10-01,NA,0.4519781705619508,0.8535627337288965,1.453181251001734,0.0638748075532547,-0.5652926302788686,-1.2966351394860354,1.2337307898039995,92.1,0.03333333333333326
2012-11-01,NA,0.5621150270429531,2.034223836657567,0.1916168250970074,-0.21574119434646377,0.11331445971691778,2.3376760712167766,-4.160617004251321,91.4,0.11227272727272736
2012-12-01,0.7417494619232912,0,-0.049732687833436984,1.14513951735713,-0.10404162603183664,-0.5678606968843702,4.192760733587164,-0.2994900492051755,92.1,0.23105263157894743
2013-01-01,NA,0.5589729478786332,5.244919863835484,-1.4337460201359953,0.028021857231941283,0.6810469002527242,-6.358805653370325,-16.043665190676393,95.2,0.10727272727272735
2013-02-01,NA,0.8879081641130604,-11.651525336820168,-0.48217059302988474,-0.24044252988026926,1.4598799421151831,5.242977354188838,9.21526876970411,97.3,0.0778947368421052
2013-03-01,0.7900151516924581,-1.7837708186021928,7.199375635147387,-2.844680684990042,0.5322034930266284,-1.2338911453714907,-0.6962463900833882,27.596125826774554,99.3,-0.05200000000000007
2013-04-01,NA,1.4517284548719367,2.2206866679265858,0.19936103330762123,0.5373254186482157,0.6749181974928575,6.451346137770031,4.405417209894935,98.9,-0.11545454545454553
2013-05-01,NA,-0.22197567383130945,-1.925010710246955,0.7902890768204607,0.18639334380630146,0.33575856948457883,-1.9183681843085054,5.669191179226374,98.2,0.11523809523809533
2013-06-01,1.1236703546718019,-0.33389012655149486,-3.1363850215721634,1.46845516829206,0.24535034072687978,-0.33575856948457883,1.4547963638843697,10.840248812614561,97.4,0.5905263157894736
2013-07-01,NA,-0.11154490838656272,6.701071028296024,-0.3901888400113407,0.05926862690035506,-0.11217051091998442,-0.44723864516704737,-4.080395260913505,96.5,0.7095652173913044
2013-08-01,NA,0.7782140442055052,-4.690447880466486,3.071498356444735,0.1815383899648637,1.0050335853501124,-1.3505378168606086,-1.6084180063081988,96.5,0.7566666666666666
2013-09-01,0.9980180797402483,-0.6666691358189425,-1.5167949837712413,-3.462154869531009,0.4681085588950751,-0.4454350349380576,2.3942105993857155,4.31438310977228,97.2,0.6716666666666666
2013-10-01,NA,1.3289232118682826,9.246990582674819,3.366815716363636,0.2351927704042467,0.3342621496690512,1.5880947710222415,0.8901922581980415,98.6,0.5812380952380951
2013-11-01,NA,-0.330578813449911,-4.486535673615144,-1.5243803771832987,0.23854693282174821,0,1.1727532747510594,-1.7691274096634402,99,0.7402380952380953
2013-12-01,0.8723570242857193,-0.4424785980355672,2.568206778081006,1.8080801326972207,-0.08205850058953246,-1.1185798957716209,-4.373761358857919,7.528269337282012,98.8,0.8003333333333332
2014-01-01,NA,2.0845516192682823,0.2579133903306108,-0.4725960009065666,0.6118610643451206,2.6638645081064283,4.326558263685598,-5.377224133973613,101.4,0.7601999999999999
2014-02-01,NA,-0.6535970979784977,-5.141038355108218,-1.335484131790654,0.28322585811011436,-0.43907864174901334,-5.17399997875323,-5.76875611958485,103.6,0.6744999999999998
2014-03-01,0.7641111672338496,0.10922993986088869,7.501439505763763,0.4789345867973971,-0.12017601415337253,0.10995053334168503,-2.4056436885253163,17.501871376786227,101.7,0.6908095238095238
2014-04-01,NA,0.2181025946359938,1.2725998356880375,-0.28646177267690476,0.336902752492918,-0.7722046093910251,7.317659045312652,-2.6880869609424707,103.4,0.6797727272727272
2014-05-01,NA,-1.0953012019196962,-7.878272875723447,-1.0605882963533375,-0.3562995132947222,0.6622540760493401,-4.0329888248301415,5.416611730302989,101.6,0.5930526315789472
2014-06-01,0.9448749691067349,1.4215657654013114,-1.427189578835364,2.392495859416144,0.20154264409040223,0.8762378078986721,1.4102286145710963,6.390598349309329,98.2,0.49
2014-07-01,NA,0.21691982475458005,7.194596241543305,-0.09337691600910247,0.3285725525101313,0.21786500992222457,-2.423546878964089,-1.7804532039345844,96.4,0.279304347826087
2014-08-01,NA,-0.8705169227330778,-4.698137665807067,-2.8827822872682596,0.41592912153305406,0.43431121471648737,0.6112149673725753,6.033004384766016,98.7,0.4251499999999999
2014-09-01,0.2572591146865477,-1.0989121575595284,3.934156637718811,-0.09725673370875043,-0.12690601045601824,-0.6521762246387119,-3.3997248094554067,-1.2399109941107156,101.5,0.4138421052631578
2014-10-01,NA,0.7705046374405278,2.3881732003387057,-0.5876629268015243,0.04616627635574133,0.6521762246387119,1.3916229052536977,-2.7731373543684157,96.7,0.34400000000000003
2014-11-01,NA,0.10958905206370773,-3.2517565810691096,0.783137490188146,0.2036464940799121,0,-0.4523539754686112,1.6635520984834784,98.1,0.3454
2014-12-01,0.5310816508217187,0.21881846805529293,10.335428511320366,2.023015220870761,-0.23826920307570276,-0.7612869828721891,-0.8633165194375181,-4.577753652973016,97,0.3471818181818182
2015-01-01,NA,0,-5.32924096516032,-2.8178561460304508,0.2843203206291278,0.544367158117609,4.092714148411858,-6.346729237639082,98.9,0.1686666666666667
2015-02-01,NA,1.4107667510678823,-10.41225853189971,2.5319403999359835,0.3026416392362563,1.6155440222285655,4.318234382098751,-6.759578575164582,103.5,0.13099999999999998
2015-03-01,0.8607433169949275,-0.7571696530893846,11.67515334916045,-2.6341376495052415,-0.26811721286197354,-0.2139038248749614,-9.503050530152635,4.984795036391532,101.7,0.1425909090909091
2015-04-01,NA,0.7571696530893846,-0.37498665314767976,2.433717010751124,-0.04603521775390362,0.5339040979420062,2.840291574467102,-0.2830440689677971,104.1,0.125
2015-05-01,NA,-1.1924260529735164,-6.493639033227172,-1.8199771227480177,0.25293184328187834,-0.7482664522671101,1.8791076291236664,-2.937228162850758,102.5,0.37333333333333335
2015-06-01,0.429143447093594,0.6521762246387119,1.277036861660097,1.8199771227480177,-0.03828190843790935,-0.4301081899391157,2.1682757303867817,6.600785595124847,91.9,0.461
2015-07-01,NA,0.1082837138831394,6.653739516539847,0.20042063875411742,0.2294719330274475,1.071821622002389,-0.20096346003874999,4.318889216752453,96,0.5646521739130435
2015-08-01,NA,1.610340756657891,-6.78187745707346,3.9223107171109106,0.08400794750986762,0.8492620045653432,4.964186737877441,7.3308149817286505,97.7,0.4528
2015-09-01,1.4726757618085173,1.059331940166519,1.3430791215418125,-0.38578058379288294,0.22875453187047867,0.31662295580501265,5.221736634723229,7.038520807236637,97.3,0.3654
2015-10-01,NA,-0.9528923345878404,7.252123790293208,-1.067117058449707,0.07232998012192127,0.4206105044274544,-7.34864684908878,-7.417170374812443,97.8,0.30095238095238097
2015-11-01,NA,0,-6.416065550351835,0.09711488644139621,-0.09518189978265923,-0.4206105044274544,0.4647055952244017,-8.901917127532144,97.5,0.45123809523809527
2015-12-01,0.7698804040238372,0.6362693787828277,5.545887636446967,0.09702066492538464,0.47879708431715073,1.152448585195387,6.304662595857025,-6.414124750574146,94.3,0.43100000000000005
2016-01-01,NA,-1.0627092574285513,-9.821686018741982,-2.0657168238609636,-0.2353120867191194,-1.5748356968138921,-3.5821951345731406,-4.810569112821028,94.2,0.28325
2016-02-01,NA,1.0627092574285513,-3.31588946116419,0.4958194762477497,-0.18636498690582926,1.1572985557658733,2.6240707994343637,-6.262841270023145,93.1,0.09855555555555558
2016-03-01,0.3842339997760291,0.6322465739487804,13.072815628749268,1.7646649243835633,-0.003806985819387876,0.3133161832036713,2.3723532155440097,18.600121621381405,94.7,0.11990909090909095
2016-04-01,NA,-0.4210532536343514,-4.8558059818592625,-1.566818616107124,-0.03426939586130828,0.4162336914687259,-1.2397676276435732,-11.361213305200835,97.4,0.08470000000000005
2016-05-01,NA,1.3619906715270247,-1.1972094423766677,1.4699868235076075,0.27382689962998086,0.10378828124197881,3.344187787257269,12.453093470850973,95.7,0.06144999999999999
2016-06-01,1.2456670325015295,0.41536923686935623,1.1291822288688635,0.2912207625641372,0.28822835487911647,0.5173317280220857,4.084665104697649,5.412426133151271,95.5,0.11123809523809523
2016-07-01,NA,-0.6237026455547579,-1.1406534075450558,-0.6815144834863673,0.049219120728594135,-0.1032524614188901,-0.29912815792698666,-4.1178301349138025,96.6,0.02023809523809527
2016-08-01,NA,0.5200219727107047,5.59914297870181,0.6815144834863673,0.37025884826249467,0.8230499136515412,2.7580847833565514,14.238958076408892,98.5,0.03063636363636363
2016-09-01,0.3859735839526479,-0.20768439448390907,-3.532766094173212,1.34825866890802,-0.18873627828117634,-0.3078504227087997,-0.08931596250789653,1.9506808107081497,98.5,0.11178947368421052
2016-10-01,NA,-0.7303110184976092,2.1015951104070396,-2.912010605543358,0.16233463368244827,-0.6185586732710746,0.5281052783086437,-0.9856416947936708,96.9,0.17945
2016-11-01,NA,1.9699963161804668,3.694123466657029,5.836146929154662,0.11310086031279809,-0.10346612407756695,5.645545134988694,9.35662064435796,96.6,0.512
2016-12-01,0.7674856031059107,-0.2055499182096021,2.5442402555044374,-0.5597976535217875,0.2483725357652844,0.6191970247920509,-3.237847910685332,3.9589644211289965,94.5,0.6497272727272727
2017-01-01,NA,0.6153865574378692,-3.706858012139058,-0.37397383031905207,-0.1881043404800664,-0.10293361691138259,-1.0326702763123308,10.409856447116894,96.7,0.57805
2017-02-01,NA,0,-5.2983042429467275,-2.3733031872449573,0.2707582881543047,0,4.626240562580719,3.7411014800497355,98.6,0.6297
2017-03-01,1.122211640327464,1.3204864295170538,15.266282497439754,1.5249956822257715,0.30747333834124646,0.7183201743492518,2.8457633708754315,16.23173903259847,101,0.682409090909091
2017-04-01,NA,-1.0142074764624809,-11.035776783943607,-1.5249956822257715,-0.04493708883277492,0.10219724956925802,-1.7769758966110771,-5.376362597363382,100.7,0.6309
2017-05-01,NA,0.4069181606725536,3.337730526786853,1.5249956822257715,0.07114106824417377,0.20408170348531485,1.0107723884264175,2.678235675343288,101.6,0.6753684210526315
2017-06-01,0.7318961767762033,-0.3050332817623236,3.5543272707394102,0.5666624739666837,-0.04492531242501485,0.30534374868897984,-1.1165964836475695,12.296684193621843,101.1,0.6244761904761905
2017-07-01,NA,0.20345886977874983,-2.7708288777575696,-0.3774179734788774,0.13471543406247122,-0.30534374868897984,2.390489880975011,-7.168512534406801,100.3,0.704952380952381
2017-08-01,NA,0.40568006956149816,4.735213550816297,1.685348564818856,-0.07856194639135339,1.1150647719509799,-1.4422384850231396,14.275466638078882,101.5,0.7596363636363637
2017-09-01,1.3656240166209699,1.0070578563595944,1.682862132721663,0,0.2242991594583188,0.903167203034716,0.4267055691290267,10.146492125499762,100.1,0.7365714285714285
2017-10-01,NA,-0.8048333182828493,-11.017566384493893,-0.3715377717210089,0.03733432934893699,-1.5098424712585157,3.1738216108607276,6.834507370658471,103.2,1.00225
2017-11-01,NA,0.40322635279386176,8.917001008941927,0.9267478814914298,0.007465193538713777,0.8080852053939047,-4.205421787248653,-0.7808728713801116,103.1,1.096818181818182
2017-12-01,-0.23301880694504007,-0.7067167223092419,1.3659521497812577,-3.762649060770329,0.23859241858303903,-0.20140993717010502,-0.4051804794375613,3.6745268271882736,103.1,0.7894
2018-01-01,NA,0.8072697725110878,3.790780350814682,0.7639411140655028,0.1934380485625553,0.20140993717010502,3.8358408408779354,-4.271416017031271,100.5,0.9503636363636364
2018-02-01,NA,0.7010544486217185,-12.163569134196717,1.4172122766469286,-0.6824183252250648,1.2000144003110336,-1.5738254564276133,-4.1477169752223375,102,1.0470555555555556
2018-03-01,1.4593612946004697,-1.1038747314821684,7.721834714366338,-3.6298442712426215,0.2839743342409662,-0.39840690148746916,-6.424587070029375,21.73811727398487,98.8,1.0096190476190476
2018-04-01,NA,1.6016358388574403,-1.7870989262132042,2.212631994595693,0.11932730654820034,0.4977611073752719,4.436758999139556,-16.698206631673074,100.8,0.962952380952381
2018-05-01,NA,0,-1.0328159852259766,3.091582022844719,-0.16411178201227727,-0.1988072225386439,-1.470793103156609,14.999923965021367,102.8,1.0349
2018-06-01,0.7766232638324766,-0.1988072225386439,-0.9921832531513353,-1.5809881589286867,0.04851560991578907,0.29806281381379307,-1.9780376087755513,3.038759932367796,100.9,0.9533684210526315
2018-07-01,NA,0.5952398527295344,-0.4739833706309149,-0.8465318058213711,-0.14188106774657427,0,1.6479111568109772,-11.198721527930289,96.5,0.853
2018-08-01,NA,-0.0989609185165996,-0.5592971596676932,3.52870698056833,-0.179506405718044,0.0991571722295248,-0.88514705687252615,13.667970180538447,97.6,0.7502272727272727
2018-09-01,0.5115709281955816,-0.7952328190495628,-7.000976914627355,-2.8699997259766796,0.4071651653372754,0.09905894816961691,-3.942542000028837,11.896804380463166,100.2,0.5894705882352942
2018-10-01,NA,0.8941937375661624,15.37527585626659,0.8419632057643511,0.12294396422216636,0.39525743158232984,-1.5912118513455198,-11.80870379087331,95.8,0.651
2018-11-01,NA,-1.194044037191766,-4.653366145756532,0.37119388548907395,0.36421789249860836,-0.7920833491444235,-1.4442526668130284,-15.547827821523796,94.8,0.54
2018-12-01,0.5575766430570894,-0.7031671363680658,-1.6242475615918295,-2.2510694528724784,-0.19681025309647993,0.09935420588780275,-0.6484734610296528,-28.902541057256315,95.4,0.1283
2019-01-01,NA,1.3019713208302974,6.048102274479472,2.713850995637568,0.1337246215395993,1.1846140504162328,6.527421143477241,-21.209564588580676,92.6,0.12254545454545453
2019-02-01,NA,-2.4170360927812773,-20.22995943994248,-4.62974404943397,0.16319873063217472,-1.7822253907504582,-3.6700332213424502,-4.820462569003681,98.1,0.10935294117647057
2019-03-01,0.08486794232744899,1.3164747091210849,10.493848568743491,0.6749451921311156,0.2110213100040781,0.9940439705251158,0.4939385249667083,36.037362159193975,97.2,0.07925
2019-04-01,NA,1.5968403178731272,6.8514355440497,1.8082389559010537,-0.10360394621677926,0.7881814202253423,0.6371679440210443,-9.19230001246305,98.5,0.024409090909090884
2019-05-01,NA,-0.09905894816961691,-4.206274553912248,-1.9039537331937417,0.09250865615602066,0.19607849419402967,0.7671759515059051,-12.911049175640699,94.8,-0.02895238095238098
2019-06-01,1.3100891290591221,-0.9960241705055495,-6.803898800852615,0.478653124767181,0.12567459331336295,-1.3806925446102625,1.2517092551572517,13.293467197182451,95.4,-0.22715789473684211
2019-07-01,NA,1.785761740000602,10.812895721243354,1.6140103497328973,-0.033251436583725535,1.0864304391905222,-2.149115210136898,-19.729244492965847,92.6,-0.20965217391304344
2019-08-01,NA,-0.09837679101325492,-3.4657679926528573,0.6572085091792523,0.3393835336636286,1.3658748931040243,0.7369111488962687,7.654115307089526,91.8,-0.30957142857142855
2019-09-01,0.20409285911853203,0,-6.9847488111954625,-0.5624990501941873,0.0809865680194477,-1.1696039763191557,-2.6690438112190407,6.498198009920131,94.8,-0.164
2019-10-01,NA,0.29484050842976117,7.148164229034393,-0.6609279954796321,0.36729638001222753,0.2936859673310366,1.1938026392293466,-12.024198333627467,93.8,0.07776190476190477
2019-11-01,NA,0.09808730555915801,-2.354264643991222,0,0.04764959313110495,0.6819315272054816,-3.1507524219225758,-3.5792662492216465,95.1,0.3131904761904762
2019-12-01,0.992657006665354,1.0726577738643606,7.311489746084465,1.5973208150986018,0.5882477365823036,0.09704027932784243,3.7653264417947696,-1.2369091766533558,95.7,0.1972380952380952
2020-01-01,NA,0.2905571051414313,-2.7169699598422525,-2.08183124630823,0.3200701066640832,2.3011561893206967,0.8427838516819719,-10.87825404060041,98.4,0.20659999999999995
2020-02-01,NA,-3.3434776086236795,-14.689238298537877,-7.266622967232017,-0.2545178263750003,-3.570084879969926,-1.7135623479667572,7.455903139839393,90.3,0.11824999999999997
2020-03-01,-1.2924128489778752,-1.4098924379502442,16.792500229208773,6.174800706844685,-2.346375530470013,-5.346709577148179,1.9209904984982984,16.278432016460442,68.8,0.2690909090909091
2020-04-01,NA,-1.3272272416630315,-2.393073755962405,-0.9022617599637073,-1.098026733948565,-0.3113650673279622,-0.39888622993693446,-16.207104764149705,61.5,0.51935
2020-05-01,NA,-1.3450797724122943,-3.0896766572484857,-6.985642939899339,0.36109269657078613,2.0576857688759276,-3.2922746971934203,18.99738496232466,63.7,0.43168421052631584
2020-06-01,-2.77192782304283,2.8749413285986236,0.25771881694023335,6.278211995645577,0.3186327738452732,0.9123225975522509,0.7099342311697399,-2.4560479197798912,68.4,0.6487727272727273
2020-07-01,NA,1.0070578563595944,5.303171862016498,1.2096921708828923,0.28030590363883334,1.1038747314821684,1.2450990668892103,-9.24208168786329,77,0.6173913043478261
2020-08-01,NA,-0.200601872686601,-9.133449636374724,-0.6030169026590926,0.2832440772605693,-0.5002511682971722,-5.612512153582472,3.346857267036185,83.3,0.5871
2020-09-01,2.191239966296976,1.2967762769011237,8.40831172105414,4.146694778350124,-0.2832440772605693,-0.10035123772400567,3.694475002572517,14.5706691257395,77.6,0.7145714285714286
2020-10-01,NA,0.5928871122278245,0.5883523541787561,0.6747013546594793,0.25718932491258784,1.4947961435873403,-1.7638414388525092,-7.57998289160895,89.1,0.6882105263157895
2020-11-01,NA,0.9804000096621301,2.1090072585166375,-0.4814645795541139,0.5864466365796517,0.8862687257845003,3.72731632911929,-5.590229764344201,92.2,0.7988095238095239
2020-12-01,1.5738425343762685,-0.9804000096621301,8.079354135499095,0.19286409064056542,-0.6423011184921279,-1.680711831638071,-4.56745021453564,10.437182978502335,86,0.8148181818181818
2021-01-01,NA,0.19685045726722805,-3.962697668258741,0,-1.1387596836705427,0,-7.350398649774448,-8.829024260382567,93.2,0.8264
2021-02-01,NA,1.9474812180967582,-8.00120849606678,0.9587801155153564,1.5327975898877355,1.582624526078913,7.108685297356132,0.9645561773520939,97.2,0.8558333333333333
2021-03-01,1.5098016343383591,0.6727560213056982,12.413226333504213,-0.7662872745568983,0.6876945059756778,1.8474030503108807,-1.3216084214022317,15.260668048313164,102.1,1.0616363636363637
2021-04-01,NA,-0.3838776307166114,-0.5995433229540659,0,0.16934805063328895,0.5763704716750695,-1.6576872399081566,-5.820038777616077,106.3,1.0980909090909092
2021-05-01,NA,0.3838776307166114,-5.929348659252476,-1.452810056290943,0.12865993283242005,0.38240964384028686,-1.805268760472245,13.263988060062815,106.3,1.1719473684210526
2021-06-01,1.3825907821722438,0.5730674708984473,1.2402826031223668,0.389484426154052,0.25682432666531696,0.4759647252988053,-0.802302241955033,12.226830849116155,110.5,1.1900454545454546
2021-07-01,NA,0.09519277253824399,3.541723901814553,0.19417481829107075,0.15011994104980886,-0.38059037376783067,-0.14140838342271422,-7.266575624225879,105,1.1582727272727273
2021-08-01,NA,-0.09519277253824399,-5.195735350850317,-1.5640592541072529,0.16450679101591703,-0.5736153395524468,1.2600740945710953,8.786300206724817,106.2,1.0755714285714286
2021-09-01,-0.00228576207206288,1.0421695462413894,0.853783860618762,-0.7912998757324985,0.3318445929739511,1.42791574174721,0.37585424012007707,4.589981845387214,105.7,1.0086315789473683
2021-10-01,NA,0.563911268777062,2.0985285925825714,0.9881503329997265,0.16732752803729767,0.7532992307544895,0.5849122494062442,-14.113880481384555,107,1.412842105263158
2021-11-01,NA,1.488399569923704,2.2881396179755598,1.3672087968400248,0.24321638271267432,1.8587895768090945,-1.7870919735589297,8.703068190326135,107.8,1.3616363636363638
2021-12-01,1.541044052424212,1.101939524961093,6.983896075812979,2.206324508434765,0.32578035039314557,-0.5540180375614767,5.782628907955001,6.612770477609331,105.8,0.9535217391304348
2022-01-01,NA,0.5464494472078307,0.9130209506882814,1.038234904221813,0.19856677463216954,0.646056700294384,-1.8912889607818784,-20.90608880097591,106.8,1.1036
2022-02-01,NA,-1.6483889721689238,-14.915066941055244,-2.7607655324097813,0.9155107296653142,-1.763386760106922,-4.94450981572605,-4.191081404008301,107.1,1.265611111111111
2022-03-01,0.3801795996412949,1.2844213274240346,13.960346310850191,0.8649741579483283,-0.0643500665706398,1.9472103412820019,1.1024689324859338,24.358681005818283,104.7,1.3545714285714285
2022-04-01,NA,0.90744724334062,-11.160844404907078,-3.307694537843986,0.27498544192585683,2.269729755426919,-0.5246300556962069,-24.0589364441945,107.1,1.8233333333333333
2022-05-01,NA,0.09029345985922532,5.700814036785662,1.179954693115537,0.292012600223579,0.7155665595412586,5.123928447017079,12.501145357640553,108.1,1.7141428571428572
2022-06-01,0.8806315235172946,0.5400553180000323,-6.271362280486414,0.48756800634839337,0.0035558716334094242,0.4446427957134347,-1.156484163934124,5.853720184778766,103.8,1.90095
2022-07-01,NA,0.5371543801910406,8.811291808654076,0.871676221441664,0.12082446388141932,0.2658397666610135,-1.4354971586982401,-19.46286142286837,98.9,1.2857142857142858
2022-08-01,NA,-0.9869976938772673,5.294099570261057,0.8641436395341096,0.06390684020676218,1.2313260233356438,2.6736479545750313,-5.9175931680602645,100.2,1.0332272727272727
2022-09-01,0.49255273920287834,-0.0902120043138055,-5.992227809720507,-1.7358198609757736,-0.024847807308958636,0.08737440485973025,0.27919129833975376,7.192740482318882,99,1.4089
2022-10-01,NA,-0.6337730584549561,-0.38128295758035335,-1.2726554539223223,0.0887138327554382,-0.26235257723845606,4.085813698962681,-29.769427390746372,96.1,1.3098947368421052
2022-11-01,NA,1.1738283764549884,0.7525010641919572,0.9804000096621301,0.0709144446977561,-0.08760403538801143,2.3524491735706476,-14.443881649297552,92.2,0.8485000000000001
2022-12-01,-0.36846952089923946,-1.7202778236628191,2.190397369013475,-1.7716998853946286,0.0673221745685737,0.43725474126095065,-6.981821336687588,-0.6735831934449266,92.5,0.35059090909090906
2023-01-01,NA,-0.5494519317641,0.9230576573917126,1.478587804508713,-0.24825348778492184,-0.8764297993588244,3.9187050542491164,-31.347997290669483,91.1,0.12479999999999998
2023-02-01,NA,1.549005914931989,-7.355555338055986,-0.2939737540924803,0.39337341414693583,1.8317127912579778,5.6417660795201385,4.736016643622065,92.2,0.04574999999999998
2023-03-01,0.35518038516180184,0.5410292728247335,7.305425835794743,0.6845992507989784,0.5009889112496779,-0.43308859378399234,-3.2737983178570573,35.997909079690515,92.3,0.01190909090909089
2023-04-01,NA,-0.9033485097667437,-12.49960166897246,-2.6668247082160867,-0.14791860131708745,-0.34782643763247023,2.20488176104503,-35.64641755908866,94.8,-0.21235000000000007
2023-05-01,NA,1.798609636978199,4.118556478421276,3.7332429580973603,0.2850759493060906,0.5212870188533003,0.7394058304289075,14.340581271313368,95.3,-0.24965000000000004
2023-06-01,0.6827026969656202,-0.35714323675977155,1.0216625189150008,-1.2615402630074435,0,0.7768705450619251,-2.153671246692568,28.7970477253495,96.7,-0.013666666666666747
2023-07-01,NA,-0.6280864075414172,-6.561252875886225,-2.0721017637517214,-0.24983738385593313,-0.08602151068073383,0.6818583341527074,-27.889955739389904,95.2,0.1332380952380952
2023-08-01,NA,1.4298724400146234,3.4736857306875812,1.4844409148532023,0.22874849410783327,0.42936948746987724,2.3386951795281163,19.980881063576206,95.1,0.23077272727272718
2023-09-01,0.7789140990265508,1.1469027348764982,-0.9414246721497044,0.3921573653181909,0.05974030715503176,0.4275337850402572,0.5767611001740391,13.492381321288605,93.7,0.28605263157894734
2023-10-01,NA,-0.7926065272420679,2.250199113759699,-0.19588644853332227,0.2421096289577207,-0.5132603226520871,-0.26949832851315136,-12.86364192229037,92.8,0.6254210526315789
2023-11-01,NA,0.7926065272420679,-2.1753067680012173,2.037916233665271,-0.12975401164663225,0.5132603226520871,-0.8915726977814842,12.757009915692308,92.2,0.24909090909090909
2023-12-01,0.48951006993007695,-0.7042282625413065,2.8869886039400328,-2.23418715045014,0.2348365110707462,0.25564564413009805,-10.347234188354903,22.10217135432586,92,-0.27395
2024-01-01,NA,0.44072349874078043,4.358569629624842,0.9775248904642986,-0.014004621547947238,-0.17035779247835947,16.09755375081079,-15.82276079966789,92.2,-0.17045454545454541
2024-02-01,NA,0.875662337883476,-13.262410380210099,0.5819609053263619,0.10148909863403333,0.4253515558056087,-2.0789225041607295,13.188550473225291,94.1,-0.1946315789473684
2024-03-01,1.1668614937963895,-2.0256086675733975,7.401568291919514,-3.945284841180019,-0.07348181655775221,-0.5960000613814742,-9.189516054109603,10.77517519149005,92.9,-0.11799999999999997
2024-04-01,NA,1.851088553470337,4.4672440051592766,2.483982656615069,0.146909676987228,0.7656353861993814,5.030113895467991,-16.334407876177437,95.1,-0.021571428571428523
2024-05-01,NA,-0.3499566126264675,-3.8416094315670613,-0.09818361122571062,-0.27300426462275595,-0.6802747322752545,-4.491924060361185,15.443701729300585,94.4,-0.06450000000000004
2024-06-01,-0.22865142676309347,-0.8802873745954898,-7.403036773164118,-2.4864533065295014,0.0805787701034788,-0.08536065392412695,-2.400392030865106,21.07428072196562,95.4,-0.25847368421052636
2024-07-01,NA,-0.5319161477600254,7.8240514898684665,-2.0346581859167934,0.04201533621550624,0.08536065392412695,-0.2203385966421223,-19.511161868152627,96.7,-0.40808695652173904
2024-08-01,NA,1.5873349156290573,1.099061882925767,4.324454595242244,0.03849855677966474,0.3407158321613757,-1.1442357907316847,3.893283121987423,94.8,-0.5828095238095238
2024-09-01,0.08889097487987385,-0.6143064513714158,-1.0807970426923497,-0.5923018303121808,0.038483741094630375,-0.7682496172016329,-1.8666378208965995,13.77679326301049,94.4,-0.6065555555555555
2024-10-01,NA,1.1378678567658618,5.481188912278689,0.9852296443010999,0.08391315481368622,1.3617231691831044,-0.06490281411437593,-10.745739666640475,93.1,-0.35995
2024-11-01,NA,-1.225934793325223,-7.473323408566479,-4.000533461369837,0.01397868253203427,-0.16920477810247192,-2.264123040965771,3.5215326100594524,93.4,-0.3324761904761905
2024-12-01,0.07777152612433724,1.3998478806379389,7.749566678157471,2.8170876966695957,-0.2379037612298518,0.7591769908213308,-4.52482512043737,14.434041033717904,83.6,-0.3702857142857143
2025-01-01,NA,-0.872605885980704,-4.676635139177332,-1.4992784586141283,0.5344897529857562,-0.6745388139531627,-2.80539110385547,-44.59893577372114,87.1,-0.36200000000000004
2025-02-01,NA,0.43725474126095065,-7.141547066589027,1.69749457901327,0.0626937431283281,0.9263224131871972,-1.0018871373027594,-0.8376017749373688,90.5,-0.2558999999999999
2025-03-01,-0.21898618763103173,0.6089622994373656,10.087779479692749,0,0.10788050671308724,-0.3358525407133328,-0.43125757072317583,34.818817809086866,87.6,-0.08664999999999996
2025-04-01,NA,-0.17361115471761224,1.4455145461681695,-0.19821612039914172,0.10081522120675146,0.2519950934512849,-3.2855086388206445,-15.013349687474786,87.9,-0.2757727272727273
2025-05-01,NA,-0.9602867333341258,-4.672175927704991,-3.5339366445309217,-0.010424448816692689,-0.3361347702704798,-1.2527184062534502,24.187279409153106,92.6,-0.2706315789473684
2025-06-01,0.6725949939610842,1.739174271186883,2.168543758656849,3.0366705775930924,-0.12169893189994951,1.0050335853501124,6.080267561878472,11.482326199317683,93.2,0.08247368421052635
2025-07-01,NA,-0.3454234868087269,4.447103295552957,-1.8109146789846875,0.017394632060430126,-0.16680571006970624,-2.3770819974952673,-8.484200578252299,93.3,0.12526086956521748
2025-08-01,NA,-0.08654262764293819,-4.269971020029839,2.8029863076594275,0.024347402774083093,-0.5860209320094789,-4.0237082712902605,11.763796674063443,95,0.07744999999999999
2025-09-01,1.3251719791732341,1.204833851617515,9.72309313361297,-4.234503595735806,0.4441675703972692,1.8303339588750411,1.9106412261628236,9.43332564667827,91.7,0.08918181818181821
2025-10-01,NA,-2.249229767725769,-6.467234515918285,-0.8273056493199427,-0.2912623418295013,-0.3303058329257702,-6.830351769179721,-5.039937878316891,94.8,0.21188888888888893
2025-11-01,NA,0.6974744927071619,-3.903914505532491,0.5178675478451744,0.11452568535617047,0.4950505159856178,1.7570006769583202,13.427238469119729,94.5,0.5480500000000001
2025-12-01,-0.16094136575084406,1.2089957277918728,11.576223259128238,0.9254564766205675,-0.29177831669802146,0.8196767204179167,4.444433440655615,21.780312853231365,93.5,0.7205909090909092
2026-01-01,NA,-0.7755316767478426,0.12684320711295882,-1.3395357432237631,0.23973744609406822,-0.16339872916555365,-8.128651071578297,-4.2428234990477875,94,0.7892380952380953
2026-02-01,NA,2.054866822738788,-10.209116028844978,2.155034656154342,0.48466479972937293,0.4893973878862923,10.570217754170663,26.64964421548781,98.8,0.8981764705882354
2026-03-01,1.6794400753266103,0.42283361095210026,11.609500805197293,2.4073379181520416,-0.0034535753140829684,1.4539836114001226,-6.281308106860806,27.229035028706505,94,1.0884285714285715
2026-04-01,NA,-0.5924689357700075,-10.267315761902829,-3.735921589317037,-0.40489387932982623,-1.0479741214703076,-1.4393932450865066,0.34019312880602115,91.7,1.083909090909091
2026-05-01,NA,NA,NA,NA,-0.3299702547609584,NA,NA,18.051403016682244,97.5,1.3614444444444445
